"","HEALTH2","YTotal","YPercent","YWTTotal","NTotal","NPercent","NWTTotal"
"1","(1) Excellent (HEALTH=1)",5146,21.9,24109813.1901513,9158,28.8,35641458.1659385
"2","(2) Very Good (HEALTH=2)",9355,39.9,45423285.4569108,12263,38.6,51286127.9441949
"3","(3) Good (HEALTH=3)",6430,27.4,32957353.3947089,7567,23.8,40737205.7018138
"4","(4) Fair/Poor (HEALTH=4,5)",2525,10.8,14722520.5123918,2780,8.8,19886944.9734415
