"","IRSEX","Freq","Usage"
"1","Female",53669745.0242614,1
"2","Male",63581945.6862175,1
"3","Female",82913181.0606963,2
"4","Male",64738322.4719095,2
